{
  "config": {
    "experiment_id": "vanilla__none__iid__c20_g4__byz0__t1",
    "mode": "baseline",
    "trial_id": 1,
    "seed": 43,
    "dataset": "mnist",
    "model_type": "linear",
    "partition": "iid",
    "dirichlet_alpha": 0.5,
    "classes_per_client": 2,
    "num_clients": 20,
    "num_galaxies": 4,
    "num_rounds": 20,
    "local_epochs": 1,
    "batch_size": 64,
    "learning_rate": 0.01,
    "defense": "vanilla",
    "aggregation_method": "trimmed_mean",
    "trim_ratio": 0.1,
    "ablation": "",
    "attack": "none",
    "byzantine_fraction": 0.0,
    "attack_scale": 10.0,
    "backdoor_scale": 0.1
  },
  "final_accuracy": 0.9221,
  "best_accuracy": 0.9221,
  "convergence_round_85": 0,
  "convergence_round_90": 1,
  "convergence_round_95": -1,
  "total_time": 85.69764126299742,
  "avg_round_time": 4.284882063149871,
  "avg_tpr": 0.0,
  "avg_fpr": 0.0,
  "avg_precision": 0.0,
  "avg_f1": 0.0,
  "avg_zk_prove_time": 0.0,
  "avg_zk_verify_time": 0.0,
  "avg_merkle_time": 0.0,
  "total_bytes": 25120000,
  "final_reputations": {},
  "resource_usage": {
    "num_samples": 43,
    "cpu_percent": {
      "mean": 95.95581395348836,
      "max": 100.1,
      "min": 0.0,
      "std": 14.846083225153272
    },
    "ram_mb": {
      "mean": 1127.6636082848838,
      "max": 1129.04296875,
      "min": 1069.8984375,
      "std": 8.913359860411605
    },
    "ram_percent": {
      "mean": 7.181423641051818,
      "max": 7.1902079733482065,
      "min": 6.813551378387508,
      "std": 0.05676392565343044
    },
    "gpu_mem_allocated_mb": {
      "mean": 19.333291696947676,
      "max": 21.13720703125,
      "min": 17.25,
      "std": 1.069332838009114
    },
    "gpu_mem_reserved_mb": {
      "mean": 26.0,
      "max": 26.0,
      "min": 26.0,
      "std": 0.0
    },
    "gpu_util_percent": {
      "mean": 1.8372093023255813,
      "max": 2.0,
      "min": 0.0,
      "std": 0.4275529374616334
    },
    "gpu_mem_util_percent": {
      "mean": 2.8659827389675945,
      "max": 2.865982738967595,
      "min": 2.865982738967595,
      "std": 4.440892098500626e-16
    },
    "gpu_temp_c": {
      "mean": 61.04651162790697,
      "max": 62.0,
      "min": 60.0,
      "std": 0.6804064575966415
    }
  },
  "timestamp": "2026-02-14T15:06:23.593172",
  "rounds": [
    {
      "round_num": 0,
      "accuracy": 0.8928,
      "loss": 0.0,
      "true_positives": 0,
      "false_positives": 0,
      "false_negatives": 0,
      "true_negatives": 20,
      "tpr": 0.0,
      "fpr": 0.0,
      "precision": 0.0,
      "f1": 0.0,
      "flagged_client_ids": [],
      "quarantined_client_ids": [],
      "banned_client_ids": [],
      "round_time": 4.347707294999964,
      "phase1_time": 0.0,
      "phase2_time": 0.0,
      "phase3_time": 0.0,
      "phase4_time": 0.0,
      "zk_prove_time": 0.0,
      "zk_verify_time": 0.0,
      "zk_fold_time": 0.0,
      "merkle_build_time": 0.0,
      "merkle_verify_time": 0.0,
      "zk_mode": "NONE",
      "zk_proofs_generated": 0,
      "zk_proofs_verified": 0,
      "zk_proofs_failed": 0,
      "bytes_sent": 1256000
    },
    {
      "round_num": 1,
      "accuracy": 0.9043,
      "loss": 0.0,
      "true_positives": 0,
      "false_positives": 0,
      "false_negatives": 0,
      "true_negatives": 20,
      "tpr": 0.0,
      "fpr": 0.0,
      "precision": 0.0,
      "f1": 0.0,
      "flagged_client_ids": [],
      "quarantined_client_ids": [],
      "banned_client_ids": [],
      "round_time": 4.359476108999843,
      "phase1_time": 0.0,
      "phase2_time": 0.0,
      "phase3_time": 0.0,
      "phase4_time": 0.0,
      "zk_prove_time": 0.0,
      "zk_verify_time": 0.0,
      "zk_fold_time": 0.0,
      "merkle_build_time": 0.0,
      "merkle_verify_time": 0.0,
      "zk_mode": "NONE",
      "zk_proofs_generated": 0,
      "zk_proofs_verified": 0,
      "zk_proofs_failed": 0,
      "bytes_sent": 1256000
    },
    {
      "round_num": 2,
      "accuracy": 0.9099,
      "loss": 0.0,
      "true_positives": 0,
      "false_positives": 0,
      "false_negatives": 0,
      "true_negatives": 20,
      "tpr": 0.0,
      "fpr": 0.0,
      "precision": 0.0,
      "f1": 0.0,
      "flagged_client_ids": [],
      "quarantined_client_ids": [],
      "banned_client_ids": [],
      "round_time": 4.198826869000186,
      "phase1_time": 0.0,
      "phase2_time": 0.0,
      "phase3_time": 0.0,
      "phase4_time": 0.0,
      "zk_prove_time": 0.0,
      "zk_verify_time": 0.0,
      "zk_fold_time": 0.0,
      "merkle_build_time": 0.0,
      "merkle_verify_time": 0.0,
      "zk_mode": "NONE",
      "zk_proofs_generated": 0,
      "zk_proofs_verified": 0,
      "zk_proofs_failed": 0,
      "bytes_sent": 1256000
    },
    {
      "round_num": 3,
      "accuracy": 0.9117,
      "loss": 0.0,
      "true_positives": 0,
      "false_positives": 0,
      "false_negatives": 0,
      "true_negatives": 20,
      "tpr": 0.0,
      "fpr": 0.0,
      "precision": 0.0,
      "f1": 0.0,
      "flagged_client_ids": [],
      "quarantined_client_ids": [],
      "banned_client_ids": [],
      "round_time": 4.050853334999374,
      "phase1_time": 0.0,
      "phase2_time": 0.0,
      "phase3_time": 0.0,
      "phase4_time": 0.0,
      "zk_prove_time": 0.0,
      "zk_verify_time": 0.0,
      "zk_fold_time": 0.0,
      "merkle_build_time": 0.0,
      "merkle_verify_time": 0.0,
      "zk_mode": "NONE",
      "zk_proofs_generated": 0,
      "zk_proofs_verified": 0,
      "zk_proofs_failed": 0,
      "bytes_sent": 1256000
    },
    {
      "round_num": 4,
      "accuracy": 0.9146,
      "loss": 0.0,
      "true_positives": 0,
      "false_positives": 0,
      "false_negatives": 0,
      "true_negatives": 20,
      "tpr": 0.0,
      "fpr": 0.0,
      "precision": 0.0,
      "f1": 0.0,
      "flagged_client_ids": [],
      "quarantined_client_ids": [],
      "banned_client_ids": [],
      "round_time": 4.415319112999896,
      "phase1_time": 0.0,
      "phase2_time": 0.0,
      "phase3_time": 0.0,
      "phase4_time": 0.0,
      "zk_prove_time": 0.0,
      "zk_verify_time": 0.0,
      "zk_fold_time": 0.0,
      "merkle_build_time": 0.0,
      "merkle_verify_time": 0.0,
      "zk_mode": "NONE",
      "zk_proofs_generated": 0,
      "zk_proofs_verified": 0,
      "zk_proofs_failed": 0,
      "bytes_sent": 1256000
    },
    {
      "round_num": 5,
      "accuracy": 0.9151,
      "loss": 0.0,
      "true_positives": 0,
      "false_positives": 0,
      "false_negatives": 0,
      "true_negatives": 20,
      "tpr": 0.0,
      "fpr": 0.0,
      "precision": 0.0,
      "f1": 0.0,
      "flagged_client_ids": [],
      "quarantined_client_ids": [],
      "banned_client_ids": [],
      "round_time": 4.390206484000373,
      "phase1_time": 0.0,
      "phase2_time": 0.0,
      "phase3_time": 0.0,
      "phase4_time": 0.0,
      "zk_prove_time": 0.0,
      "zk_verify_time": 0.0,
      "zk_fold_time": 0.0,
      "merkle_build_time": 0.0,
      "merkle_verify_time": 0.0,
      "zk_mode": "NONE",
      "zk_proofs_generated": 0,
      "zk_proofs_verified": 0,
      "zk_proofs_failed": 0,
      "bytes_sent": 1256000
    },
    {
      "round_num": 6,
      "accuracy": 0.9166,
      "loss": 0.0,
      "true_positives": 0,
      "false_positives": 0,
      "false_negatives": 0,
      "true_negatives": 20,
      "tpr": 0.0,
      "fpr": 0.0,
      "precision": 0.0,
      "f1": 0.0,
      "flagged_client_ids": [],
      "quarantined_client_ids": [],
      "banned_client_ids": [],
      "round_time": 4.110030053999253,
      "phase1_time": 0.0,
      "phase2_time": 0.0,
      "phase3_time": 0.0,
      "phase4_time": 0.0,
      "zk_prove_time": 0.0,
      "zk_verify_time": 0.0,
      "zk_fold_time": 0.0,
      "merkle_build_time": 0.0,
      "merkle_verify_time": 0.0,
      "zk_mode": "NONE",
      "zk_proofs_generated": 0,
      "zk_proofs_verified": 0,
      "zk_proofs_failed": 0,
      "bytes_sent": 1256000
    },
    {
      "round_num": 7,
      "accuracy": 0.9165,
      "loss": 0.0,