{
  "config": {
    "experiment_id": "vanilla__none__iid__c20_g4__byz0__t2",
    "mode": "baseline",
    "trial_id": 2,
    "seed": 44,
    "dataset": "mnist",
    "model_type": "linear",
    "partition": "iid",
    "dirichlet_alpha": 0.5,
    "classes_per_client": 2,
    "num_clients": 20,
    "num_galaxies": 4,
    "num_rounds": 20,
    "local_epochs": 1,
    "batch_size": 64,
    "learning_rate": 0.01,
    "defense": "vanilla",
    "aggregation_method": "trimmed_mean",
    "trim_ratio": 0.1,
    "ablation": "",
    "attack": "none",
    "byzantine_fraction": 0.0,
    "attack_scale": 10.0,
    "backdoor_scale": 0.1
  },
  "final_accuracy": 0.9229,
  "best_accuracy": 0.9229,
  "convergence_round_85": 0,
  "convergence_round_90": 1,
  "convergence_round_95": -1,
  "total_time": 90.10125911999785,
  "avg_round_time": 4.505062955999892,
  "avg_tpr": 0.0,
  "avg_fpr": 0.0,
  "avg_precision": 0.0,
  "avg_f1": 0.0,
  "avg_zk_prove_time": 0.0,
  "avg_zk_verify_time": 0.0,
  "avg_merkle_time": 0.0,
  "total_bytes": 25120000,
  "final_reputations": {},
  "resource_usage": {
    "num_samples": 45,
    "cpu_percent": {
      "mean": 95.36444444444443,
      "max": 99.2,
      "min": 0.0,
      "std": 14.390523974022402
    },
    "ram_mb": {
      "mean": 1127.7188368055556,
      "max": 1129.05078125,
      "min": 1069.34765625,
      "std": 8.799786840184114
    },
    "ram_percent": {
      "mean": 7.181775358887795,
      "max": 7.190257726547461,
      "min": 6.810043777840025,
      "std": 0.056040646151941625
    },
    "gpu_mem_allocated_mb": {
      "mean": 19.139290364583335,
      "max": 21.13720703125,
      "min": 17.25,
      "std": 1.0337916608823776
    },
    "gpu_mem_reserved_mb": {
      "mean": 26.0,
      "max": 26.0,
      "min": 26.0,
      "std": 0.0
    },
    "gpu_util_percent": {
      "mean": 1.6888888888888889,
      "max": 2.0,
      "min": 0.0,
      "std": 0.5086899174337599
    },
    "gpu_mem_util_percent": {
      "mean": 2.8659827389675945,
      "max": 2.865982738967595,
      "min": 2.865982738967595,
      "std": 4.440892098500626e-16
    },
    "gpu_temp_c": {
      "mean": 62.044444444444444,
      "max": 63.0,
      "min": 62.0,
      "std": 0.20608041101101562
    }
  },
  "timestamp": "2026-02-14T15:07:50.418779",
  "rounds": [
    {
      "round_num": 0,
      "accuracy": 0.8929,
      "loss": 0.0,
      "true_positives": 0,
      "false_positives": 0,
      "false_negatives": 0,
      "true_negatives": 20,
      "tpr": 0.0,
      "fpr": 0.0,
      "precision": 0.0,
      "f1": 0.0,
      "flagged_client_ids": [],
      "quarantined_client_ids": [],
      "banned_client_ids": [],
      "round_time": 4.541817229000117,
      "phase1_time": 0.0,
      "phase2_time": 0.0,
      "phase3_time": 0.0,
      "phase4_time": 0.0,
      "zk_prove_time": 0.0,
      "zk_verify_time": 0.0,
      "zk_fold_time": 0.0,
      "merkle_build_time": 0.0,
      "merkle_verify_time": 0.0,
      "zk_mode": "NONE",
      "zk_proofs_generated": 0,
      "zk_proofs_verified": 0,
      "zk_proofs_failed": 0,
      "bytes_sent": 1256000
    },
    {
      "round_num": 1,
      "accuracy": 0.9058,
      "loss": 0.0,
      "true_positives": 0,
      "false_positives": 0,
      "false_negatives": 0,
      "true_negatives": 20,
      "tpr": 0.0,
      "fpr": 0.0,
      "precision": 0.0,
      "f1": 0.0,
      "flagged_client_ids": [],
      "quarantined_client_ids": [],
      "banned_client_ids": [],
      "round_time": 4.5192277569994985,
      "phase1_time": 0.0,
      "phase2_time": 0.0,
      "phase3_time": 0.0,
      "phase4_time": 0.0,
      "zk_prove_time": 0.0,
      "zk_verify_time": 0.0,
      "zk_fold_time": 0.0,
      "merkle_build_time": 0.0,
      "merkle_verify_time": 0.0,
      "zk_mode": "NONE",
      "zk_proofs_generated": 0,
      "zk_proofs_verified": 0,
      "zk_proofs_failed": 0,
      "bytes_sent": 1256000
    },
    {
      "round_num": 2,
      "accuracy": 0.9096,
      "loss": 0.0,
      "true_positives": 0,
      "false_positives": 0,
      "false_negatives": 0,
      "true_negatives": 20,
      "tpr": 0.0,
      "fpr": 0.0,
      "precision": 0.0,
      "f1": 0.0,
      "flagged_client_ids": [],
      "quarantined_client_ids": [],
      "banned_client_ids": [],
      "round_time": 4.493546603999675,
      "phase1_time": 0.0,
      "phase2_time": 0.0,
      "phase3_time": 0.0,
      "phase4_time": 0.0,
      "zk_prove_time": 0.0,
      "zk_verify_time": 0.0,
      "zk_fold_time": 0.0,
      "merkle_build_time": 0.0,
      "merkle_verify_time": 0.0,
      "zk_mode": "NONE",
      "zk_proofs_generated": 0,
      "zk_proofs_verified": 0,
      "zk_proofs_failed": 0,
      "bytes_sent": 1256000
    },
    {
      "round_num": 3,
      "accuracy": 0.9115,
      "loss": 0.0,
      "true_positives": 0,
      "false_positives": 0,
      "false_negatives": 0,
      "true_negatives": 20,
      "tpr": 0.0,
      "fpr": 0.0,
      "precision": 0.0,
      "f1": 0.0,
      "flagged_client_ids": [],
      "quarantined_client_ids": [],
      "banned_client_ids": [],
      "round_time": 4.6214193159994466,
      "phase1_time": 0.0,
      "phase2_time": 0.0,
      "phase3_time": 0.0,
      "phase4_time": 0.0,
      "zk_prove_time": 0.0,
      "zk_verify_time": 0.0,
      "zk_fold_time": 0.0,
      "merkle_build_time": 0.0,
      "merkle_verify_time": 0.0,
      "zk_mode": "NONE",
      "zk_proofs_generated": 0,
      "zk_proofs_verified": 0,
      "zk_proofs_failed": 0,
      "bytes_sent": 1256000
    },
    {
      "round_num": 4,
      "accuracy": 0.9139,
      "loss": 0.0,
      "true_positives": 0,
      "false_positives": 0,
      "false_negatives": 0,
      "true_negatives": 20,
      "tpr": 0.0,
      "fpr": 0.0,
      "precision": 0.0,
      "f1": 0.0,
      "flagged_client_ids": [],
      "quarantined_client_ids": [],
      "banned_client_ids": [],
      "round_time": 4.422797932999856,
      "phase1_time": 0.0,
      "phase2_time": 0.0,
      "phase3_time": 0.0,
      "phase4_time": 0.0,
      "zk_prove_time": 0.0,
      "zk_verify_time": 0.0,
      "zk_fold_time": 0.0,
      "merkle_build_time": 0.0,
      "merkle_verify_time": 0.0,
      "zk_mode": "NONE",
      "zk_proofs_generated": 0,
      "zk_proofs_verified": 0,
      "zk_proofs_failed": 0,
      "bytes_sent": 1256000
    },
    {
      "round_num": 5,
      "accuracy": 0.9148,
      "loss": 0.0,
      "true_positives": 0,
      "false_positives": 0,
      "false_negatives": 0,
      "true_negatives": 20,
      "tpr": 0.0,
      "fpr": 0.0,
      "precision": 0.0,
      "f1": 0.0,
      "flagged_client_ids": [],
      "quarantined_client_ids": [],
      "banned_client_ids": [],
      "round_time": 4.785219867000706,
      "phase1_time": 0.0,
      "phase2_time": 0.0,
      "phase3_time": 0.0,
      "phase4_time": 0.0,
      "zk_prove_time": 0.0,
      "zk_verify_time": 0.0,
      "zk_fold_time": 0.0,
      "merkle_build_time": 0.0,
      "merkle_verify_time": 0.0,
      "zk_mode": "NONE",
      "zk_proofs_generated": 0,
      "zk_proofs_verified": 0,
      "zk_proofs_failed": 0,
      "bytes_sent": 1256000
    },
    {
      "round_num": 6,
      "accuracy": 0.9175,
      "loss": 0.0,
      "true_positives": 0,
      "false_positives": 0,
      "false_negatives": 0,
      "true_negatives": 20,
      "tpr": 0.0,
      "fpr": 0.0,
      "precision": 0.0,
      "f1": 0.0,
      "flagged_client_ids": [],
      "quarantined_client_ids": [],
      "banned_client_ids": [],
      "round_time": 4.806176088000029,
      "phase1_time": 0.0,
      "phase2_time": 0.0,
      "phase3_time": 0.0,
      "phase4_time": 0.0,
      "zk_prove_time": 0.0,
      "zk_verify_time": 0.0,
      "zk_fold_time": 0.0,
      "merkle_build_time": 0.0,
      "merkle_verify_time": 0.0,
      "zk_mode": "NONE",
      "zk_proofs_generated": 0,
      "zk_proofs_verified": 0,
      "zk_proofs_failed": 0,
      "bytes_sent": 1256000
    },
    {
      "round_num": 7,
      "accuracy": 0.9171,