{
  "config": {
    "experiment_id": "vanilla__none__iid__c20_g4__byz0__t0",
    "mode": "baseline",
    "trial_id": 0,
    "seed": 42,
    "dataset": "mnist",
    "model_type": "linear",
    "partition": "iid",
    "dirichlet_alpha": 0.5,
    "classes_per_client": 2,
    "num_clients": 20,
    "num_galaxies": 4,
    "num_rounds": 20,
    "local_epochs": 1,
    "batch_size": 64,
    "learning_rate": 0.01,
    "defense": "vanilla",
    "aggregation_method": "trimmed_mean",
    "trim_ratio": 0.1,
    "ablation": "",
    "attack": "none",
    "byzantine_fraction": 0.0,
    "attack_scale": 10.0,
    "backdoor_scale": 0.1
  },
  "final_accuracy": 0.9215,
  "best_accuracy": 0.9215,
  "convergence_round_85": 0,
  "convergence_round_90": 1,
  "convergence_round_95": -1,
  "total_time": 85.5017833799975,
  "avg_round_time": 4.275089168999875,
  "avg_tpr": 0.0,
  "avg_fpr": 0.0,
  "avg_precision": 0.0,
  "avg_f1": 0.0,
  "avg_zk_prove_time": 0.0,
  "avg_zk_verify_time": 0.0,
  "avg_merkle_time": 0.0,
  "total_bytes": 25120000,
  "final_reputations": {},
  "resource_usage": {
    "num_samples": 43,
    "cpu_percent": {
      "mean": 95.1,
      "max": 99.2,
      "min": 0.0,
      "std": 14.69488124769033
    },
    "ram_mb": {
      "mean": 1111.21484375,
      "max": 1122.10546875,
      "min": 685.49609375,
      "std": 65.75443648930106
    },
    "ram_percent": {
      "mean": 7.076671172648081,
      "max": 7.1460271324096825,
      "min": 4.365519838839437,
      "std": 0.41875117831151254
    },
    "gpu_mem_allocated_mb": {
      "mean": 18.930982013081394,
      "max": 21.13720703125,
      "min": 0.0,
      "std": 3.0857522308797156
    },
    "gpu_mem_reserved_mb": {
      "mean": 25.348837209302324,
      "max": 26.0,
      "min": 0.0,
      "std": 3.9230014667831696
    },
    "gpu_util_percent": {
      "mean": 1.8372093023255813,
      "max": 2.0,
      "min": 0.0,
      "std": 0.4275529374616334
    },
    "gpu_mem_util_percent": {
      "mean": 2.8118289953533813,
      "max": 2.865982738967595,
      "min": 0.5699397492265104,
      "std": 0.34596582311008045
    },
    "gpu_temp_c": {
      "mean": 57.46511627906977,
      "max": 60.0,
      "min": 51.0,
      "std": 2.244878794151851
    }
  },
  "timestamp": "2026-02-14T15:04:56.774606",
  "rounds": [
    {
      "round_num": 0,
      "accuracy": 0.8931,
      "loss": 0.0,
      "true_positives": 0,
      "false_positives": 0,
      "false_negatives": 0,
      "true_negatives": 20,
      "tpr": 0.0,
      "fpr": 0.0,
      "precision": 0.0,
      "f1": 0.0,
      "flagged_client_ids": [],
      "quarantined_client_ids": [],
      "banned_client_ids": [],
      "round_time": 4.137346862000413,
      "phase1_time": 0.0,
      "phase2_time": 0.0,
      "phase3_time": 0.0,
      "phase4_time": 0.0,
      "zk_prove_time": 0.0,
      "zk_verify_time": 0.0,
      "zk_fold_time": 0.0,
      "merkle_build_time": 0.0,
      "merkle_verify_time": 0.0,
      "zk_mode": "NONE",
      "zk_proofs_generated": 0,
      "zk_proofs_verified": 0,
      "zk_proofs_failed": 0,
      "bytes_sent": 1256000
    },
    {
      "round_num": 1,
      "accuracy": 0.9057,
      "loss": 0.0,
      "true_positives": 0,
      "false_positives": 0,
      "false_negatives": 0,
      "true_negatives": 20,
      "tpr": 0.0,
      "fpr": 0.0,
      "precision": 0.0,
      "f1": 0.0,
      "flagged_client_ids": [],
      "quarantined_client_ids": [],
      "banned_client_ids": [],
      "round_time": 4.069528617999822,
      "phase1_time": 0.0,
      "phase2_time": 0.0,
      "phase3_time": 0.0,
      "phase4_time": 0.0,
      "zk_prove_time": 0.0,
      "zk_verify_time": 0.0,
      "zk_fold_time": 0.0,
      "merkle_build_time": 0.0,
      "merkle_verify_time": 0.0,
      "zk_mode": "NONE",
      "zk_proofs_generated": 0,
      "zk_proofs_verified": 0,
      "zk_proofs_failed": 0,
      "bytes_sent": 1256000
    },
    {
      "round_num": 2,
      "accuracy": 0.9096,
      "loss": 0.0,
      "true_positives": 0,
      "false_positives": 0,
      "false_negatives": 0,
      "true_negatives": 20,
      "tpr": 0.0,
      "fpr": 0.0,
      "precision": 0.0,
      "f1": 0.0,
      "flagged_client_ids": [],
      "quarantined_client_ids": [],
      "banned_client_ids": [],
      "round_time": 4.0182669329997225,
      "phase1_time": 0.0,
      "phase2_time": 0.0,
      "phase3_time": 0.0,
      "phase4_time": 0.0,
      "zk_prove_time": 0.0,
      "zk_verify_time": 0.0,
      "zk_fold_time": 0.0,
      "merkle_build_time": 0.0,
      "merkle_verify_time": 0.0,
      "zk_mode": "NONE",
      "zk_proofs_generated": 0,
      "zk_proofs_verified": 0,
      "zk_proofs_failed": 0,
      "bytes_sent": 1256000
    },
    {
      "round_num": 3,
      "accuracy": 0.9129,
      "loss": 0.0,
      "true_positives": 0,
      "false_positives": 0,
      "false_negatives": 0,
      "true_negatives": 20,
      "tpr": 0.0,
      "fpr": 0.0,
      "precision": 0.0,
      "f1": 0.0,
      "flagged_client_ids": [],
      "quarantined_client_ids": [],
      "banned_client_ids": [],
      "round_time": 4.060938094999983,
      "phase1_time": 0.0,
      "phase2_time": 0.0,
      "phase3_time": 0.0,
      "phase4_time": 0.0,
      "zk_prove_time": 0.0,
      "zk_verify_time": 0.0,
      "zk_fold_time": 0.0,
      "merkle_build_time": 0.0,
      "merkle_verify_time": 0.0,
      "zk_mode": "NONE",
      "zk_proofs_generated": 0,
      "zk_proofs_verified": 0,
      "zk_proofs_failed": 0,
      "bytes_sent": 1256000
    },
    {
      "round_num": 4,
      "accuracy": 0.9143,
      "loss": 0.0,
      "true_positives": 0,
      "false_positives": 0,
      "false_negatives": 0,
      "true_negatives": 20,
      "tpr": 0.0,
      "fpr": 0.0,
      "precision": 0.0,
      "f1": 0.0,
      "flagged_client_ids": [],
      "quarantined_client_ids": [],
      "banned_client_ids": [],
      "round_time": 4.158136562000436,
      "phase1_time": 0.0,
      "phase2_time": 0.0,
      "phase3_time": 0.0,
      "phase4_time": 0.0,
      "zk_prove_time": 0.0,
      "zk_verify_time": 0.0,
      "zk_fold_time": 0.0,
      "merkle_build_time": 0.0,
      "merkle_verify_time": 0.0,
      "zk_mode": "NONE",
      "zk_proofs_generated": 0,
      "zk_proofs_verified": 0,
      "zk_proofs_failed": 0,
      "bytes_sent": 1256000
    },
    {
      "round_num": 5,
      "accuracy": 0.9143,
      "loss": 0.0,
      "true_positives": 0,
      "false_positives": 0,
      "false_negatives": 0,
      "true_negatives": 20,
      "tpr": 0.0,
      "fpr": 0.0,
      "precision": 0.0,
      "f1": 0.0,
      "flagged_client_ids": [],
      "quarantined_client_ids": [],
      "banned_client_ids": [],
      "round_time": 4.189328204999583,
      "phase1_time": 0.0,
      "phase2_time": 0.0,
      "phase3_time": 0.0,
      "phase4_time": 0.0,
      "zk_prove_time": 0.0,
      "zk_verify_time": 0.0,
      "zk_fold_time": 0.0,
      "merkle_build_time": 0.0,
      "merkle_verify_time": 0.0,
      "zk_mode": "NONE",
      "zk_proofs_generated": 0,
      "zk_proofs_verified": 0,
      "zk_proofs_failed": 0,
      "bytes_sent": 1256000
    },
    {
      "round_num": 6,
      "accuracy": 0.916,
      "loss": 0.0,
      "true_positives": 0,
      "false_positives": 0,
      "false_negatives": 0,
      "true_negatives": 20,
      "tpr": 0.0,
      "fpr": 0.0,
      "precision": 0.0,
      "f1": 0.0,
      "flagged_client_ids": [],
      "quarantined_client_ids": [],
      "banned_client_ids": [],
      "round_time": 4.744819131999975,
      "phase1_time": 0.0,
      "phase2_time": 0.0,
      "phase3_time": 0.0,
      "phase4_time": 0.0,
      "zk_prove_time": 0.0,
      "zk_verify_time": 0.0,
      "zk_fold_time": 0.0,
      "merkle_build_time": 0.0,
      "merkle_verify_time": 0.0,
      "zk_mode": "NONE",
      "zk_proofs_generated": 0,
      "zk_proofs_verified": 0,
      "zk_proofs_failed": 0,
      "bytes_sent": 1256000
    },
    {
      "round_num": 7,
      "accuracy": 0.9172,